Workbook

Sheet Liste_des_taches
A1: Ligne | B1: Nom page | C1: Description | D1: Type | E1: Estimation (min) | F1: Temps passé | G1: Reste à faire | H1: Avancement | I1: Qui | J1: Status
A2: 1 | B2: base.sql | C2: creation de la base de donnee | D2: sql | E2: 10 | F2: 0 | G2: =(E2-F2) -> 10 | H2: =IF(E2>0,F2/E2,0) -> 0 | I2: Rova 3903 | J2: =IF(H2=100%,"termine","à faire") -> à faire
A3: 2 | B3: dashboard.php | C3: dashboard principal de l application | D3: viiew | E3: 60 | F3: 0 | G3: =(E3-F3) -> 60 | H3: =IF(E3>0,F3/E3,0) -> 0 | I3: Rova 3883 | J3: =IF(H3=100%,"termine","à faire") -> à faire
A4: 3 | B4: Ville.php | C4: model | D4: model/entity | E4: 10 | F4: 0 | H4: =IF(E4>0,F4/E4,0) -> 0 | I4: Rova 3903 | J4: =IF(H4=100%,"termine","à faire") -> à faire
A5: 4 | B5: Besoin.php | H5: =IF(E5>0,F5/E5,0) -> 0
A6: 5 | B6: Dispath.php | H6: =IF(E6>0,F6/E6,0) -> 0
A7: 6 | B7: Don.php | H7: =IF(E7>0,F7/E7,0) -> 0
A8: 7 | B8: Besoin.php | H8: =IF(E8>0,F8/E8,0) -> 0
A9: 8 | B9: VilleControlleur.php | C9: controlleur des model | D9: controlleur | E9: 20 | H9: =IF(E9>0,F9/E9,0) -> 0 | I9: Nomena | J9: =IF(H9=100%,"termine","à faire") -> à faire
A10: 9 | B10: DipathControlleur.php
A11: 10 | B11: DonControlleur.php
A12: 11 | B12: BesoinControlleur.php
A13: 12 | H13: =IF(E13>0,F13/E13,0) -> 0
A14: 13 | H14: =IF(E14>0,F14/E14,0) -> 0
A15: 14 | H15: =IF(E15>0,F15/E15,0) -> 0
A16: 15 | H16: =IF(E16>0,F16/E16,0) -> 0
A17: 16 | H17: =IF(E17>0,F17/E17,0) -> 0
A18: 17 | H18: =IF(E18>0,F18/E18,0) -> 0
A19: 18 | H19: =IF(E19>0,F19/E19,0) -> 0
A20: 19 | H20: =IF(E20>0,F20/E20,0) -> 0
A21: 20 | H21: =IF(E21>0,F21/E21,0) -> 0
A22: 21 | H22: =IF(E22>0,F22/E22,0) -> 0
A23: 22 | H23: =IF(E23>0,F23/E23,0) -> 0
A24: 23 | H24: =IF(E24>0,F24/E24,0) -> 0
... A46: 45 | H46: =IF(E46>0,F46/E46,0) -> 0

Sheet Avancement_projet
A1: Estimation total | B1: Temps passé | C1: Reste à faire | D1: Avancement | E1: Total heures
A2: =SUM(Liste_des_taches!E2:E46) -> 100 | B2: =SUM(Liste_des_taches!F2:F46) -> 0 | C2: =SUM(Liste_des_taches!G2:G46) -> 70 | D2: =IF(A2>0,B2/A2,0) -> 0 | E2: =A2/60 -> 1.6666667
A4: Dépassement | B4: =IF(B2>A2,(B2-A2)/A2,0) -> 0

Sheet Detail
A1: Ligne | B1: Total | C1: 16/02 | D1: 17/02
A2: 1 | B2: 0 | C2: 0 | D2: 0
A3: 2 | B3: 0 | C3: 0 | D3: 0
A4: 3 | B4: 0 | C4: 0 | D4: 0
A5: 4 | B5: 0 | C5: 0 | D5: 0
A6: 5 | B6: 0 | C6: 0 | D6: 0
A7: 6 | B7: 0 | C7: 0 | D7: 0
A8: 7 | B8: 0 | C8: 0 | D8: 0
A9: 8 | B9: 0 | C9: 0 | D9: 0
A10: 9 | B10: 0 | C10: 0 | D10: 0
A11: 10 | B11: 0 | C11: 0 | D11: 0
A12: 11 | B12: 0 | C12: 0 | D12: 0
A13: 12 | B13: 0 | C13: 0 | D13: 0
... A46: 45 | B46: 0 | C46: 0 | D46: 0

Sheet Recap
A1: Avancement | B1: Pourcentage
A2: Avancement | B2: =Avancement_projet!D2 -> 0
A4: Qui | B4: Somme de Estimation
A5: Nomena | B5: =SUMIF(Liste_des_taches!I:I,"RAKOTO",Liste_des_taches!E:E) -> 0
A6: Rova 3901 | B6: =SUMIF(Liste_des_taches!I:I,"RASOA",Liste_des_taches!E:E) -> 0
A7: Rova 3883 | B7: 100
A8: Total | B8: =SUM(B5:B7) -> 100
